N_MODEL,HIDDEN_SIZE,N_LAYERS,DIRECTIONS,RECALL,PRECISION,F1,RECALL_WO_O,PRECISION_WO_O,F1_WO_O
Model1,500,1,1,0.8113550891665656,0.8363202113036781,0.8156816308560739,0.5562913907284768,0.5933459923967197,0.5225186571915156
Model2,500,2,1,0.8153584859881111,0.8155140583052809,0.8057565124613447,0.534468085106383,0.5550368652099279,0.4819613685255262
Model3,500,3,1,0.7676816692951596,0.8038029645117314,0.7753597795902996,0.4806991988346686,0.3947567291280945,0.4125137992757808
Model4,500,1,2,0.8499332767196409,0.8589233689883445,0.8518668042479334,0.6913109756097561,0.6936544820976812,0.6831057493428799
Model5,500,2,2,0.848598811112459,0.8631679846537119,0.8505694972508364,0.7181883537023724,0.7192266745060183,0.6992087717117865
Model6,500,3,2,0.8586679606939221,0.875602109953593,0.8651745291638359,0.6933523945675483,0.730674995419618,0.6941801586103529
Model7,800,1,2,0.8517530025476162,0.8657897545663645,0.8545359655714296,0.7255048616305161,0.7203093423762511,0.7146591835964826
Model8,800,2,2,0.8620647822394759,0.89014138809746,0.8720576378083809,0.7084175084175084,0.7421951365697622,0.7120187660081483
Model9,800,3,2,0.8572121800315419,0.8837772957815363,0.8547564794407062,0.7141818181818181,0.7593632602381557,0.6857531878503077
