N_MODEL,HIDDEN_SIZE,N_LAYERS,DIRECTIONS,RECALL,PRECISION,F1,RECALL_WO_O,PRECISION_WO_O,F1_WO_O
Model1,500,1,1,0.8272473613975494,0.7908129151671467,0.7788488301015628,0.7471264367816092,0.7328661024969605,0.7261751361778349
Model2,500,2,1,0.8083222127866068,0.7744000799557377,0.7792831405922028,0.666214382632293,0.63563892498955,0.6114018345822478
Model3,500,3,1,0.8268834162319544,0.7707740090400098,0.7946082517962093,0.6934865900383141,0.5908298027775457,0.6276945793576125
Model4,500,1,2,0.8630353026810628,0.8459017817314974,0.8423731441577964,0.7974388824214202,0.806538188547265,0.7868396827666385
Model5,500,2,2,0.8723765619313357,0.8844950068238409,0.8760716577110145,0.8221225710014948,0.8302785081096502,0.8227886775948267
Model6,500,3,2,0.8888754094383113,0.8843795452995781,0.8737653316524822,0.9012074643249177,0.9046415789212922,0.9016470395002034
Model7,800,1,2,0.8671600145578067,0.8571348159593508,0.848600266549465,0.8016614745586709,0.8032889839021731,0.788108086850542
Model8,800,2,2,0.9005216547373529,0.8936595352986503,0.8916581625088963,0.9006211180124224,0.9005254563397921,0.8987168868780794
Model9,800,3,2,0.9002790246269562,0.8959369442455666,0.888640343252199,0.9104477611940298,0.9115963229161694,0.9105502449382522
