{
  "test_read_data": {
    "lengths": [
      1750,
      250,
      500
    ]
  },
  "test_vocab": {
    "length": 7163,
    "tag2id_length": 7,
    "Spongebob": 7162
  },
  "test_count_oov": {
    "dev_oov": 638,
    "test_oov": 1368
  },
  "test_prepare_data_loader": {
    "lengths": [
      110,
      16,
      32
    ]
  },
  "test_NERNet": {
    "f1": 0.8905801743447691,
    "f1_wo_o": 0.8557174537055221
  },
  "test_glove": {
    "f1": 0.871905669700226,
    "f1_wo_o": 0.8573848602844797
  }
}